# Host: localhost  (Version: 5.5.53)
# Date: 2019-11-11 21:45:28
# Generator: MySQL-Front 5.3  (Build 4.234)

/*!40101 SET NAMES utf8 */;

#
# Structure for table "dept_inf"
#

DROP TABLE IF EXISTS `dept_inf`;
CREATE TABLE `dept_inf` (
  `ID` int(11) NOT NULL AUTO_INCREMENT,
  `NAME` varchar(50) NOT NULL,
  `REMARK` varchar(300) DEFAULT NULL,
  PRIMARY KEY (`ID`)
) ENGINE=InnoDB AUTO_INCREMENT=11 DEFAULT CHARSET=utf8;

#
# Data for table "dept_inf"
#

INSERT INTO `dept_inf` VALUES (1,'技术部','掌握各种技能-'),(2,'运营部','运营部'),(3,'财务部','财务部'),(4,'总公办','总公办'),(5,'市场部','市场部'),(6,'教学部','教学部'),(10,'游戏部','设计管理游戏');

#
# Structure for table "job_inf"
#

DROP TABLE IF EXISTS `job_inf`;
CREATE TABLE `job_inf` (
  `ID` int(11) NOT NULL AUTO_INCREMENT,
  `NAME` varchar(50) NOT NULL,
  `REMARK` varchar(300) DEFAULT NULL,
  PRIMARY KEY (`ID`)
) ENGINE=InnoDB AUTO_INCREMENT=13 DEFAULT CHARSET=utf8;

#
# Data for table "job_inf"
#

INSERT INTO `job_inf` VALUES (1,'职员','职员ex'),(2,'Java开发工程师','Java开发工程师'),(3,'Java中级开发工程师','Java中级开发工程师'),(4,'Java高级开发工程师','Java高级开发工程师'),(5,'系统管理员','系统管理员'),(6,'架构师','架构师'),(7,'主管','主管'),(8,'经理','经理'),(9,'总经理','总经理'),(10,'游戏设计师','设计游戏'),(12,'test','test');

#
# Structure for table "salary_inf"
#

DROP TABLE IF EXISTS `salary_inf`;
CREATE TABLE `salary_inf` (
  `ID` int(11) NOT NULL AUTO_INCREMENT,
  `MONTH` int(11) NOT NULL,
  PRIMARY KEY (`ID`)
) ENGINE=InnoDB AUTO_INCREMENT=5 DEFAULT CHARSET=utf8;

#
# Data for table "salary_inf"
#

INSERT INTO `salary_inf` VALUES (1,3000),(2,4000),(3,5000),(4,6666);

#
# Structure for table "employee_inf"
#

DROP TABLE IF EXISTS `employee_inf`;
CREATE TABLE `employee_inf` (
  `ID` int(11) NOT NULL AUTO_INCREMENT,
  `DEPT_ID` int(11) NOT NULL,
  `JOB_ID` int(11) NOT NULL,
  `SAL_ID` int(11) DEFAULT NULL,
  `NAME` varchar(20) NOT NULL,
  `CARD_ID` varchar(18) NOT NULL,
  `ADDRESS` varchar(50) NOT NULL,
  `POST_CODE` varchar(50) DEFAULT NULL,
  `TEL` varchar(16) DEFAULT NULL,
  `PHONE` varchar(11) NOT NULL,
  `QQ_NUM` varchar(10) DEFAULT NULL,
  `EMAIL` varchar(50) NOT NULL,
  `SEX` int(11) NOT NULL DEFAULT '1',
  `PARTY` varchar(10) DEFAULT NULL,
  `BIRTHDAY` datetime DEFAULT NULL,
  `RACE` varchar(100) DEFAULT NULL,
  `EDUCATION` varchar(10) DEFAULT NULL,
  `SPECIALITY` varchar(20) DEFAULT NULL,
  `HOBBY` varchar(100) DEFAULT NULL,
  `REMARK` varchar(500) DEFAULT NULL,
  `CREATE_DATE` timestamp NOT NULL DEFAULT CURRENT_TIMESTAMP,
  PRIMARY KEY (`ID`),
  KEY `FK_EMP_DEPT` (`DEPT_ID`),
  KEY `FK_EMP_JOB` (`JOB_ID`),
  KEY `AK_FK_EMP_SAL` (`SAL_ID`),
  CONSTRAINT `FK_EMP_DEPT` FOREIGN KEY (`DEPT_ID`) REFERENCES `dept_inf` (`ID`),
  CONSTRAINT `FK_EMP_JOB` FOREIGN KEY (`JOB_ID`) REFERENCES `job_inf` (`ID`),
  CONSTRAINT `FK_FK_EMP_SAL` FOREIGN KEY (`SAL_ID`) REFERENCES `salary_inf` (`ID`)
) ENGINE=InnoDB AUTO_INCREMENT=6 DEFAULT CHARSET=utf8;

#
# Data for table "employee_inf"
#

INSERT INTO `employee_inf` VALUES (1,1,8,1,'爱丽丝','4328011988','广州天河','510000','020-77777777','13902001111','36750066','251425887@qq.com',0,'党员','1980-01-01 00:00:00','满','本科','美声','唱歌','四大天王','2016-03-14 11:35:18'),(2,2,1,2,'杰克','22623','43234','42427424','42242','4247242','42424','251425887@qq.com',1,NULL,NULL,NULL,NULL,NULL,NULL,NULL,'2016-03-14 11:35:18'),(3,1,2,4,'bb','432801197711251038','广州','510000','020-99999999','13907351532','36750064','36750064@qq.com',1,'党员','1977-11-25 00:00:00','汉','本科','计算机','爬山',NULL,'2016-07-14 01:54:52'),(4,10,10,2,'dragon','421222199904096893','武汉','430074','027-1234567','15935746666','1990804753','1990804753@qq.com',1,'党员','2019-09-07 16:00:00','汉','大专','软件开发','game','优秀学员','2019-09-08 18:19:23'),(5,10,10,3,'long','4654648799','',NULL,NULL,'1659544',NULL,'',1,NULL,NULL,NULL,'小学','机电',NULL,NULL,'2019-10-02 01:07:37');

#
# Structure for table "user_inf"
#

DROP TABLE IF EXISTS `user_inf`;
CREATE TABLE `user_inf` (
  `ID` int(11) NOT NULL AUTO_INCREMENT,
  `loginname` varchar(20) NOT NULL,
  `PASSWORD` varchar(16) NOT NULL,
  `STATUS` int(11) NOT NULL DEFAULT '1',
  `createdate` timestamp NOT NULL DEFAULT CURRENT_TIMESTAMP,
  `username` varchar(20) DEFAULT NULL,
  PRIMARY KEY (`ID`)
) ENGINE=InnoDB AUTO_INCREMENT=3 DEFAULT CHARSET=utf8;

#
# Data for table "user_inf"
#

INSERT INTO `user_inf` VALUES (1,'admin','123456',2,'2016-03-12 09:34:28','超级管理员'),(2,'long','123456',1,'2019-10-18 16:42:43','long');

#
# Structure for table "notice_inf"
#

DROP TABLE IF EXISTS `notice_inf`;
CREATE TABLE `notice_inf` (
  `ID` int(11) NOT NULL AUTO_INCREMENT,
  `TITLE` varchar(50) NOT NULL,
  `CONTENT` text NOT NULL,
  `CREATE_DATE` timestamp NOT NULL DEFAULT CURRENT_TIMESTAMP,
  `USER_ID` int(11) DEFAULT NULL,
  PRIMARY KEY (`ID`),
  KEY `FK_NOTICE_USER` (`USER_ID`),
  CONSTRAINT `FK_NOTICE_USER` FOREIGN KEY (`USER_ID`) REFERENCES `user_inf` (`ID`)
) ENGINE=InnoDB AUTO_INCREMENT=20 DEFAULT CHARSET=utf8;

#
# Data for table "notice_inf"
#

INSERT INTO `notice_inf` VALUES (19,'震惊某男子---','let us to see it!','2019-09-08 18:20:52',1);

#
# Structure for table "document_inf"
#

DROP TABLE IF EXISTS `document_inf`;
CREATE TABLE `document_inf` (
  `ID` int(11) NOT NULL AUTO_INCREMENT,
  `TITLE` varchar(50) NOT NULL,
  `filename` varchar(300) NOT NULL,
  `REMARK` varchar(300) DEFAULT NULL,
  `CREATE_DATE` timestamp NOT NULL DEFAULT CURRENT_TIMESTAMP,
  `USER_ID` int(11) DEFAULT NULL,
  PRIMARY KEY (`ID`),
  KEY `FK_DOCUMENT_USER` (`USER_ID`),
  CONSTRAINT `FK_DOCUMENT_USER` FOREIGN KEY (`USER_ID`) REFERENCES `user_inf` (`ID`)
) ENGINE=InnoDB DEFAULT CHARSET=utf8;

#
# Data for table "document_inf"
#

